account_id,balance
,"{'self': {'href': 'https://horizon.stellar.org/accounts/GDIQN3BCIF52R5WDMTPWUSN7IM3ZNQYYRWEWR2I7QX7BQUTKYNU2ISDY'}, 'transactions': {'href': 'https://horizon.stellar.org/accounts/GDIQN3BCIF52R5WDMTPWUSN7IM3ZNQYYRWEWR2I7QX7BQUTKYNU2ISDY/transactions{?cursor,limit,order}', 'templated': True}, 'operations': {'href': 'https://horizon.stellar.org/accounts/GDIQN3BCIF52R5WDMTPWUSN7IM3ZNQYYRWEWR2I7QX7BQUTKYNU2ISDY/operations{?cursor,limit,order}', 'templated': True}, 'payments': {'href': 'https://horizon.stellar.org/accounts/GDIQN3BCIF52R5WDMTPWUSN7IM3ZNQYYRWEWR2I7QX7BQUTKYNU2ISDY/payments{?cursor,limit,order}', 'templated': True}, 'effects': {'href': 'https://horizon.stellar.org/accounts/GDIQN3BCIF52R5WDMTPWUSN7IM3ZNQYYRWEWR2I7QX7BQUTKYNU2ISDY/effects{?cursor,limit,order}', 'templated': True}, 'offers': {'href': 'https://horizon.stellar.org/accounts/GDIQN3BCIF52R5WDMTPWUSN7IM3ZNQYYRWEWR2I7QX7BQUTKYNU2ISDY/offers{?cursor,limit,order}', 'templated': True}, 'trades': {'href': 'https://horizon.stellar.org/accounts/GDIQN3BCIF52R5WDMTPWUSN7IM3ZNQYYRWEWR2I7QX7BQUTKYNU2ISDY/trades{?cursor,limit,order}', 'templated': True}, 'data': {'href': 'https://horizon.stellar.org/accounts/GDIQN3BCIF52R5WDMTPWUSN7IM3ZNQYYRWEWR2I7QX7BQUTKYNU2ISDY/data/{key}', 'templated': True}}"
,GDIQN3BCIF52R5WDMTPWUSN7IM3ZNQYYRWEWR2I7QX7BQUTKYNU2ISDY
,GDIQN3BCIF52R5WDMTPWUSN7IM3ZNQYYRWEWR2I7QX7BQUTKYNU2ISDY
,99808404234570940
,48082707
,1694547398
,43
,GDCHDRSDOBRMSUDKRE2C4U4KDLNEATJPIHHR2ORFL5BSD56G4DQXL4VW
,lobstr.co
,48082707
,2023-09-12T19:36:38Z
,"{'low_threshold': 0, 'med_threshold': 0, 'high_threshold': 0}"
,"{'auth_required': False, 'auth_revocable': False, 'auth_immutable': False, 'auth_clawback_enabled': False}"
,"[{'balance': '0.0000018', 'limit': '922337203685.4775807', 'buying_liabilities': '0.0000000', 'selling_liabilities': '0.0000000', 'last_modified_ledger': 25947399, 'is_authorized': True, 'is_authorized_to_maintain_liabilities': True, 'asset_type': 'credit_alphanum4', 'asset_code': 'ABDT', 'asset_issuer': 'GDZURZR6RZKIQVOWZFWPVAUBMLLBQGXP2K5E5G7PEOV75IYPDFA36WK4'}, {'balance': '0.0000000', 'limit': '922337203685.4775807', 'buying_liabilities': '0.0000000', 'selling_liabilities': '0.0000000', 'last_modified_ledger': 47892556, 'is_authorized': True, 'is_authorized_to_maintain_liabilities': True, 'asset_type': 'credit_alphanum12', 'asset_code': 'aeETH', 'asset_issuer': 'GALLBRBQHAPW5FOVXXHYWR6J4ZDAQ35BMSNADYGBW25VOUHUYRZM4XIL'}, {'balance': '0.0000000', 'limit': '922337203685.4775807', 'buying_liabilities': '0.0000000', 'selling_liabilities': '0.0000000', 'last_modified_ledger': 48032692, 'is_authorized': True, 'is_authorized_to_maintain_liabilities': True, 'asset_type': 'credit_alphanum4', 'asset_code': 'AFR', 'asset_issuer': 'GBX6YI45VU7WNAAKA3RBFDR3I3UKNFHTJPQ5F6KOOKSGYIAM4TRQN54W'}, {'balance': '0.3300000', 'limit': '922337203685.4775807', 'buying_liabilities': '0.0000000', 'selling_liabilities': '0.0000000', 'last_modified_ledger': 38747907, 'is_authorized': True, 'is_authorized_to_maintain_liabilities': True, 'asset_type': 'credit_alphanum12', 'asset_code': 'Aluminium', 'asset_issuer': 'GCOJ237XTC3HYQYQCUBJPNCPKGMMI4ODSBOWAY2MF2D7XFMBCM5CLNQY'}, {'balance': '0.0000000', 'limit': '922337203685.4775807', 'buying_liabilities': '0.0000000', 'selling_liabilities': '0.0000000', 'last_modified_ledger': 47892529, 'is_authorized': True, 'is_authorized_to_maintain_liabilities': True, 'asset_type': 'credit_alphanum12', 'asset_code': 'apMATIC', 'asset_issuer': 'GALLBRBQHAPW5FOVXXHYWR6J4ZDAQ35BMSNADYGBW25VOUHUYRZM4XIL'}, {'balance': '10000.0000000', 'limit': '922337203685.4775807', 'buying_liabilities': '0.0000000', 'selling_liabilities': '0.0000000', 'last_modified_ledger': 47959710, 'is_authorized': True, 'is_authorized_to_maintain_liabilities': True, 'asset_type': 'credit_alphanum12', 'asset_code': 'aqSHIBA', 'asset_issuer': 'GDFLXSI6LR7MHMHLTCR32TJMCMHHRYVHK3MDPKUM67M37D7J5V3E77AQ'}, {'balance': '0.0000016', 'limit': '922337203685.4775807', 'buying_liabilities': '0.0000000', 'selling_liabilities': '0.0000000', 'last_modified_ledger': 48028044, 'is_authorized': True, 'is_authorized_to_maintain_liabilities': True, 'asset_type': 'credit_alphanum4', 'asset_code': 'AQUA', 'asset_issuer': 'GBNZILSTVQZ4R7IKQDGHYGY2QXL5QOFJYQMXPKWRRM5PAV7Y4M67AQUA'}, {'balance': '0.0000000', 'limit': '922337203685.4775807', 'buying_liabilities': '0.0000000', 'selling_liabilities': '0.0000000', 'last_modified_ledger': 47892573, 'is_authorized': True, 'is_authorized_to_maintain_liabilities': True, 'asset_type': 'credit_alphanum12', 'asset_code': 'asSOL', 'asset_issuer': 'GALLBRBQHAPW5FOVXXHYWR6J4ZDAQ35BMSNADYGBW25VOUHUYRZM4XIL'}, {'balance': '0.0000000', 'limit': '922337203685.4775807', 'buying_liabilities': '0.0000000', 'selling_liabilities': '0.0000000', 'last_modified_ledger': 38754233, 'is_authorized': True, 'is_authorized_to_maintain_liabilities': True, 'asset_type': 'credit_alphanum4', 'asset_code': 'BRLT', 'asset_issuer': 'GCHQ3F2BF5P74DMDNOOGHT5DUCKC773AW5DTOFINC26W4KGYFPYDPRSO'}, {'balance': '0.0000000', 'limit': '707382697076.8900000', 'buying_liabilities': '0.0000000', 'selling_liabilities': '0.0000000', 'last_modified_ledger': 47880770, 'is_authorized': True, 'is_authorized_to_maintain_liabilities': True, 'asset_type': 'credit_alphanum4', 'asset_code': 'BTC', 'asset_issuer': 'GATEMHCCKCY67ZUCKTROYN24ZYT5GK4EQZ65JJLDHKHRUZI3EUEKMTCH'}, {'balance': '0.0000000', 'limit': '922337203685.4775807', 'buying_liabilities': '0.0000000', 'selling_liabilities': '0.0000000', 'last_modified_ledger': 37469394, 'is_authorized': True, 'is_authorized_to_maintain_liabilities': True, 'asset_type': 'credit_alphanum4', 'asset_code': 'BTC', 'asset_issuer': 'GDPJALI4AZKUU2W426U5WKMAT6CN3AJRPIIRYR2YM54TL2GDWO5O2MZM'}, {'balance': '0.0000000', 'limit': '922337203685.4775807', 'buying_liabilities': '0.0000000', 'selling_liabilities': '0.0000000', 'last_modified_ledger': 47938567, 'is_authorized': True, 'is_authorized_to_maintain_liabilities': True, 'asset_type': 'credit_alphanum12', 'asset_code': 'BTCLN', 'asset_issuer': 'GDPKQ2TSNJOFSEE7XSUXPWRP27H6GFGLWD7JCHNEYYWQVGFA543EVBVT'}, {'balance': '0.0000000', 'limit': '922337203685.4775807', 'buying_liabilities': '0.0000000', 'selling_liabilities': '0.0000000', 'last_modified_ledger': 38747723, 'is_authorized': True, 'is_authorized_to_maintain_liabilities': True, 'asset_type': 'credit_alphanum4', 'asset_code': 'CLPX', 'asset_issuer': 'GDYSPBVZHPQTYMGSYNOHRZQNLB3ZWFVQ2F7EP7YBOLRGD42XIC3QUX5G'}, {'balance': '0.0000000', 'limit': '922337203685.4775807', 'buying_liabilities': '0.0000000', 'selling_liabilities': '0.0000000', 'last_modified_ledger': 27267234, 'is_authorized': True, 'is_authorized_to_maintain_liabilities': True, 'asset_type': 'credit_alphanum4', 'asset_code': 'DASH', 'asset_issuer': 'GDFGEXEBIMLP5UFC36TFENBHRJSW7AQZUPXNTTM2WO532KBXCVPUKFGB'}, {'balance': '25126.3170738', 'limit': '922337203685.4775807', 'buying_liabilities': '0.0000000', 'selling_liabilities': '0.0000000', 'last_modified_ledger': 48339244, 'is_authorized': False, 'is_authorized_to_maintain_liabilities': False, 'is_clawback_enabled': True, 'asset_type': 'credit_alphanum12', 'asset_code': 'downvoteICE', 'asset_issuer': 'GAXSGZ2JM3LNWOO4WRGADISNMWO4HQLG4QBGUZRKH5ZHL3EQBGX73ICE'}, {'balance': '0.0000000', 'limit': '922337203685.4775807', 'buying_liabilities': '0.0000000', 'selling_liabilities': '0.0000000', 'last_modified_ledger': 38834845, 'is_authorized': True, 'is_authorized_to_maintain_liabilities': True, 'asset_type': 'credit_alphanum4', 'asset_code': 'ETH', 'asset_issuer': 'GBDEVU63Y6NTHJQQZIKVTC23NWLQVP3WJ2RI2OTSJTNYOIGICST6DUXR'}, {'balance': '0.0000000', 'limit': '922337203685.4775807', 'buying_liabilities': '0.0000000', 'selling_liabilities': '0.0000000', 'last_modified_ledger': 37469384, 'is_authorized': True, 'is_authorized_to_maintain_liabilities': True, 'asset_type': 'credit_alphanum4', 'asset_code': 'ETH', 'asset_issuer': 'GBFXOHVAS43OIWNIO7XLRJAHT3BICFEIKOJLZVXNT572MISM4CMGSOCC'}, {'balance': '0.0000002', 'limit': '900000000000.0000000', 'buying_liabilities': '0.0000000', 'selling_liabilities': '0.0000000', 'last_modified_ledger': 24689553, 'is_authorized': True, 'is_authorized_to_maintain_liabilities': True, 'asset_type': 'credit_alphanum4', 'asset_code': 'FRAS', 'asset_issuer': 'GC75WHUIMU7LV6WURMCA5GGF2S5FWFOK7K5VLR2WGRKWKZQAJQEBM53M'}, {'balance': '125631.5853694', 'limit': '922337203685.4775807', 'buying_liabilities': '0.0000000', 'selling_liabilities': '0.0000000', 'last_modified_ledger': 48339244, 'is_authorized': False, 'is_authorized_to_maintain_liabilities': False, 'is_clawback_enabled': True, 'asset_type': 'credit_alphanum12', 'asset_code': 'governICE', 'asset_issuer': 'GAXSGZ2JM3LNWOO4WRGADISNMWO4HQLG4QBGUZRKH5ZHL3EQBGX73ICE'}, {'balance': '125631.5853694', 'limit': '922337203685.4775807', 'buying_liabilities': '0.0000000', 'selling_liabilities': '0.0000000', 'last_modified_ledger': 48339240, 'is_authorized': False, 'is_authorized_to_maintain_liabilities': False, 'is_clawback_enabled': True, 'asset_type': 'credit_alphanum4', 'asset_code': 'ICE', 'asset_issuer': 'GAXSGZ2JM3LNWOO4WRGADISNMWO4HQLG4QBGUZRKH5ZHL3EQBGX73ICE'}, {'balance': '0.0000000', 'limit': '922337203685.4775807', 'buying_liabilities': '0.0000000', 'selling_liabilities': '0.0000000', 'last_modified_ledger': 38747762, 'is_authorized': True, 'is_authorized_to_maintain_liabilities': True, 'asset_type': 'credit_alphanum4', 'asset_code': 'KES', 'asset_issuer': 'GA2MSSZKJOU6RNL3EJKH3S5TB5CDYTFQFWRYFGUJVIN5I6AOIRTLUHTO'}, {'balance': '0.0000000', 'limit': '922337203685.4775807', 'buying_liabilities': '0.0000000', 'selling_liabilities': '0.0000000', 'last_modified_ledger': 38754179, 'is_authorized': True, 'is_authorized_to_maintain_liabilities': True, 'asset_type': 'credit_alphanum4', 'asset_code': 'LSP', 'asset_issuer': 'GAB7STHVD5BDH3EEYXPI3OM7PCS4V443PYB5FNT6CFGJVPDLMKDM24WK'}, {'balance': '0.0000000', 'limit': '922337203685.4775807', 'buying_liabilities': '0.0000000', 'selling_liabilities': '0.0000000', 'last_modified_ledger': 38870501, 'is_authorized': True, 'is_authorized_to_maintain_liabilities': True, 'asset_type': 'credit_alphanum4', 'asset_code': 'LTC', 'asset_issuer': 'GC5LOR3BK6KIOK7GKAUD5EGHQCMFOGHJTC7I3ELB66PTDFXORC2VM5LP'}, {'balance': '0.0000000', 'limit': '922337203685.4775807', 'buying_liabilities': '0.0000000', 'selling_liabilities': '0.0000000', 'last_modified_ledger': 47892748, 'is_authorized': True, 'is_authorized_to_maintain_liabilities': True, 'is_clawback_enabled': True, 'asset_type': 'credit_alphanum4', 'asset_code': 'MKR', 'asset_issuer': 'GD67CI2DXVTTVK5NJK3LBBUEZAZKCVZ3MSDUV656XNYRLHJOLZ5LHUMB'}, {'balance': '0.0000000', 'limit': '922337203685.4775807', 'buying_liabilities': '0.0000000', 'selling_liabilities': '0.0000000', 'last_modified_ledger': 25973761, 'is_authorized': True, 'is_authorized_to_maintain_liabilities': True, 'asset_type': 'credit_alphanum4', 'asset_code': 'MOBI', 'asset_issuer': 'GA6HCMBLTZS5VYYBCATRBRZ3BZJMAFUDKYYF6AH6MVCMGWMRDNSWJPIH'}, {'balance': '0.0000000', 'limit': '900000000000.0000000', 'buying_liabilities': '0.0000000', 'selling_liabilities': '0.0000000', 'last_modified_ledger': 47959766, 'is_authorized': True, 'is_authorized_to_maintain_liabilities': True, 'asset_type': 'credit_alphanum4', 'asset_code': 'NGNT', 'asset_issuer': 'GAWODAROMJ33V5YDFY3NPYTHVYQG7MJXVJ2ND3AOGIHYRWINES6ACCPD'}, {'balance': '0.0000000', 'limit': '922337203685.4775807', 'buying_liabilities': '0.0000000', 'selling_liabilities': '0.0000000', 'last_modified_ledger': 47893220, 'is_authorized': True, 'is_authorized_to_maintain_liabilities': True, 'is_clawback_enabled': True, 'asset_type': 'credit_alphanum4', 'asset_code': 'PAXG', 'asset_issuer': 'GD67CI2DXVTTVK5NJK3LBBUEZAZKCVZ3MSDUV656XNYRLHJOLZ5LHUMB'}, {'balance': '0.0000020', 'limit': '900000000000.0000000', 'buying_liabilities': '0.0000000', 'selling_liabilities': '0.0000000', 'last_modified_ledger': 23440776, 'is_authorized': True, 'is_authorized_to_maintain_liabilities': True, 'asset_type': 'credit_alphanum4', 'asset_code': 'PEDI', 'asset_issuer': 'GBVUDZLMHTLMZANLZB6P4S4RYF52MVWTYVYXTQ2EJBPBX4DZI2SDOLLY'}, {'balance': '0.0000000', 'limit': '922337203685.4775807', 'buying_liabilities': '0.0000000', 'selling_liabilities': '0.0000000', 'last_modified_ledger': 47920746, 'is_authorized': True, 'is_authorized_to_maintain_liabilities': True, 'is_clawback_enabled': True, 'asset_type': 'credit_alphanum4', 'asset_code': 'SHX', 'asset_issuer': 'GC2O7NDIWV67AOMMBHIWDJS5ILM6G6D5TJND6NWXJXZHI3XLE27XXSHX'}, {'balance': '0.0000000', 'limit': '922337203685.4775807', 'buying_liabilities': '0.0000000', 'selling_liabilities': '0.0000000', 'last_modified_ledger': 38627523, 'is_authorized': True, 'is_authorized_to_maintain_liabilities': True, 'asset_type': 'credit_alphanum4', 'asset_code': 'TEB', 'asset_issuer': 'GDBOBXWOUXAPGAZD42KIVSL5VLFVQCGDYYCNXRLEKUATJBSVXEJKSF3U'}, {'balance': '0.0000002', 'limit': '922337203685.4775807', 'buying_liabilities': '0.0000000', 'selling_liabilities': '0.0000000', 'last_modified_ledger': 47857093, 'is_authorized': True, 'is_authorized_to_maintain_liabilities': True, 'is_clawback_enabled': True, 'asset_type': 'credit_alphanum4', 'asset_code': 'TRX', 'asset_issuer': 'GAFPPCPSNVDCRMFW45O2JMX66DFTME7FCFQK4LN3IZJIBINUS7MT6HUB'}, {'balance': '100505.2682956', 'limit': '922337203685.4775807', 'buying_liabilities': '0.0000000', 'selling_liabilities': '0.0000000', 'last_modified_ledger': 48339244, 'is_authorized': False, 'is_authorized_to_maintain_liabilities': False, 'is_clawback_enabled': True, 'asset_type': 'credit_alphanum12', 'asset_code': 'upvoteICE', 'asset_issuer': 'GAXSGZ2JM3LNWOO4WRGADISNMWO4HQLG4QBGUZRKH5ZHL3EQBGX73ICE'}, {'balance': '0.0000000', 'limit': '922337203685.4775807', 'buying_liabilities': '0.0000000', 'selling_liabilities': '0.0000000', 'last_modified_ledger': 47892844, 'is_authorized': True, 'is_authorized_to_maintain_liabilities': True, 'asset_type': 'credit_alphanum4', 'asset_code': 'USDC', 'asset_issuer': 'GA5ZSEJYB37JRC5AVCIA5MOP4RHTM335X2KGX3IHOJAPP5RE34K4KZVN'}, {'balance': '0.0000001', 'limit': '922337203685.4775807', 'buying_liabilities': '0.0000000', 'selling_liabilities': '0.0000000', 'last_modified_ledger': 24765828, 'is_authorized': True, 'is_authorized_to_maintain_liabilities': True, 'asset_type': 'credit_alphanum4', 'asset_code': 'USDT', 'asset_issuer': 'GC2PJ6J37QM3DOQ63DVGCXTRC5QOKAJUBQO2XKBXOJCWTCOCP75KWUDX'}, {'balance': '0.0000000', 'limit': '922337203685.4775807', 'buying_liabilities': '0.0000000', 'selling_liabilities': '0.0000000', 'last_modified_ledger': 38747882, 'is_authorized': True, 'is_authorized_to_maintain_liabilities': True, 'asset_type': 'credit_alphanum4', 'asset_code': 'XCHF', 'asset_issuer': 'GDPKQ2TSNJOFSEE7XSUXPWRP27H6GFGLWD7JCHNEYYWQVGFA543EVBVT'}, {'balance': '0.0000000', 'limit': '922337203685.4775807', 'buying_liabilities': '0.0000000', 'selling_liabilities': '0.0000000', 'last_modified_ledger': 38747769, 'is_authorized': True, 'is_authorized_to_maintain_liabilities': True, 'asset_type': 'credit_alphanum4', 'asset_code': 'XRP', 'asset_issuer': 'GBXRPL45NPHCVMFFAYZVUVFFVKSIZ362ZXFP7I2ETNQ3QKZMFLPRDTD5'}, {'balance': '15.3470000', 'limit': '922337203685.4775807', 'buying_liabilities': '0.0000000', 'selling_liabilities': '0.0000000', 'last_modified_ledger': 47931980, 'is_authorized': True, 'is_authorized_to_maintain_liabilities': True, 'is_clawback_enabled': True, 'asset_type': 'credit_alphanum4', 'asset_code': 'XRP', 'asset_issuer': 'GDSDMHF2B7DXBHLZI2442SBL7LTPUTCQFNVKGWBCB7KFNQLY7CMUIXRP'}, {'balance': '0.0000000', 'limit': '922337203685.4775807', 'buying_liabilities': '0.0000000', 'selling_liabilities': '0.0000000', 'last_modified_ledger': 38747738, 'is_authorized': True, 'is_authorized_to_maintain_liabilities': True, 'asset_type': 'credit_alphanum4', 'asset_code': 'yBTC', 'asset_issuer': 'GBUVRNH4RW4VLHP4C5MOF46RRIRZLAVHYGX45MVSTKA2F6TMR7E7L6NW'}, {'balance': '0.0000000', 'limit': '922337203685.4775807', 'buying_liabilities': '0.0000000', 'selling_liabilities': '0.0000000', 'last_modified_ledger': 38823731, 'is_authorized': True, 'is_authorized_to_maintain_liabilities': True, 'asset_type': 'credit_alphanum4', 'asset_code': 'yETH', 'asset_issuer': 'GDYQNEF2UWTK4L6HITMT53MZ6F5QWO3Q4UVE6SCGC4OMEQIZQQDERQFD'}, {'balance': '0.0000000', 'limit': '922337203685.4775807', 'buying_liabilities': '0.0000000', 'selling_liabilities': '0.0000000', 'last_modified_ledger': 47893140, 'is_authorized': True, 'is_authorized_to_maintain_liabilities': True, 'asset_type': 'credit_alphanum12', 'asset_code': 'yUSDC', 'asset_issuer': 'GDGTVWSM4MGS4T7Z6W4RPWOCHE2I6RDFCIFZGS3DOA63LWQTRNZNTTFF'}, {'balance': '0.0000000', 'limit': '922337203685.4775807', 'buying_liabilities': '0.0000000', 'selling_liabilities': '0.0000000', 'last_modified_ledger': 47960121, 'is_authorized': True, 'is_authorized_to_maintain_liabilities': True, 'asset_type': 'credit_alphanum4', 'asset_code': 'yXLM', 'asset_issuer': 'GARDNV3Q7YGT4AKSDF25LT32YSCCW4EV22Y2TV3I2PU2MMXJTEDL5T55'}, {'balance': '0.0000000', 'limit': '922337203685.4775807', 'buying_liabilities': '0.0000000', 'selling_liabilities': '0.0000000', 'last_modified_ledger': 38700880, 'is_authorized': True, 'is_authorized_to_maintain_liabilities': True, 'asset_type': 'credit_alphanum4', 'asset_code': 'ZAR', 'asset_issuer': 'GDYG7OEXT7GO2WOYJKRFMYK6PXQTPFRKO4JSNRRZWE4JM2V6QWQR2QZD'}, {'balance': '134.7905212', 'buying_liabilities': '0.0000000', 'selling_liabilities': '0.0000000', 'asset_type': 'native'}]"
,"[{'weight': 1, 'key': 'GCBVJKPSRVTTBD5NRIQNWFFD7J7N3ESQ37NKLOYRTPLWNLBZCIHXGEJU', 'type': 'ed25519_public_key'}, {'weight': 1, 'key': 'GDIQN3BCIF52R5WDMTPWUSN7IM3ZNQYYRWEWR2I7QX7BQUTKYNU2ISDY', 'type': 'ed25519_public_key'}]"
,{}
,2
,0
,GDIQN3BCIF52R5WDMTPWUSN7IM3ZNQYYRWEWR2I7QX7BQUTKYNU2ISDY
