asset,supply,traded_amount,payments_amount,created,trustlines,payments,rating,price7d,volume7d,paging_token,domain,tomlInfo,issuer,amount,flags,account_count,balance,offers_count,data,total_issuances,total_burns,total_transfers,total_offers,total_liabilities,total_trustlines,total_signers
XLM,1054439020873472900,438411540572245400,10617362272806255000,0,"[8856256, 0, 8206209]",236867240,"{'age': 10, 'trades': 10, 'payments': 10, 'trustlines': 10, 'volume7d': 10, 'interop': 10, 'liquidity': 10, 'average': 10}","[[1726012800, 0.09281356790940766], [1726099200, 0.09360489666666666], [1726185600, 0.09539666795138889], [1726272000, 0.09655336586805556], [1726358400, 0.09657845798611112], [1726444800, 0.09476381090277779], [1726531200, 0.09532992472222222], [1726617600, 0.0939700014479638]]",109081255239592,1,,,,,,,,,,,,,,,,
USDC-GA5ZSEJYB37JRC5AVCIA5MOP4RHTM335X2KGX3IHOJAPP5RE34K4KZVN-1,1173328831668063,42596111832104824,118247914964869980,1611089770,"[1101435, 1101435, 302710]",22641116,"{'age': 9, 'trades': 10, 'payments': 9, 'trustlines': 9, 'volume7d': 10, 'interop': 4, 'liquidity': 10, 'average': 8.7}","[[1726012800, 1.000079249477352], [1726099200, 1.0000137243055556], [1726185600, 1.000058107986111], [1726272000, 1.0000302565972221], [1726358400, 1.000083124652778], [1726444800, 1.0000181524305556], [1726531200, 1.000022554513889], [1726617600, 1.0000049570135747]]",319102165798762,2,centre.io,"{'code': 'USDC', 'issuer': 'GA5ZSEJYB37JRC5AVCIA5MOP4RHTM335X2KGX3IHOJAPP5RE34K4KZVN', 'name': 'USD Coin', 'image': 'https://stellar.myfilebase.com/ipfs/QmNcfZxs8e9uVyhEa3xoPWCsj3ZogGirtixMEC9Km4Fjm2', 'anchorAssetType': 'fiat', 'anchorAsset': 'USD', 'orgName': 'Centre Consortium LLC dba Centre Consortium', 'orgLogo': 'https://stellar.myfilebase.com/ipfs/QmfAKNcYWpQCPFgckEuTboks1GsaRYhzqgSrM6ZGFXMToo'}",,,,,,,,,,,,,,
yXLM-GARDNV3Q7YGT4AKSDF25LT32YSCCW4EV22Y2TV3I2PU2MMXJTEDL5T55-1,2175324460058552,119040657100623200,10641219062480560,1615892870,"[49583, 49583, 27328]",29743310,"{'age': 8, 'trades': 10, 'payments': 9, 'trustlines': 8, 'volume7d': 9, 'interop': 10, 'liquidity': 6, 'average': 8.6}","[[1726012800, 0.09269711658536586], [1726099200, 0.09358472916376306], [1726185600, 0.09537574621052632], [1726272000, 0.09655481315972222], [1726358400, 0.09656941045296168], [1726444800, 0.09476083503472223], [1726531200, 0.09534753136363636], [1726617600, 0.09398085827272727]]",7125099463575,3,ultracapital.xyz,"{'code': 'yXLM', 'issuer': 'GARDNV3Q7YGT4AKSDF25LT32YSCCW4EV22Y2TV3I2PU2MMXJTEDL5T55', 'image': 'https://stellar.myfilebase.com/ipfs/QmSTXU2wn1USnmd5ZypA5zMze259wEPSDP3i8wivyr9qiq', 'status': 'live', 'anchorAssetType': 'crypto', 'anchorAsset': 'XLM', 'orgName': 'Ultra Capital LLC dba Ultra Capital', 'orgLogo': 'https://stellar.myfilebase.com/ipfs/Qmaw6X1uP8ohKodhiveFygHBRBfW95TovoBfodJhGJRUho'}",,,,,,,,,,,,,,
SSLX-GBHFGY3ZNEJWLNO4LBUKLYOCEK4V7ENEBJGPRHHX7JU47GWHBREH37UR-1,99999918102311490,21306344633576704,168380962501081660,1621789313,"[130277, 130277, 127767]",133324328,"{'age': 8, 'trades': 8, 'payments': 10, 'trustlines': 9, 'volume7d': 8, 'interop': 10, 'liquidity': 5, 'average': 8.3}","[[1726012800, 0.0023814804818652847], [1726099200, 0.002284477036199095], [1726185600, 0.002235368517766498], [1726272000, 0.002115809632352941], [1726358400, 0.0020379254939759035], [1726444800, 0.0020647636987951804], [1726531200, 0.002157456734439834], [1726617600, 0.001996822069230769]]",431856349080,4,sslx.sl8.online,"{'code': 'SSLX', 'issuer': 'GBHFGY3ZNEJWLNO4LBUKLYOCEK4V7ENEBJGPRHHX7JU47GWHBREH37UR', 'name': 'SSLX', 'image': 'https://stellar.myfilebase.com/ipfs/QmYkosLbMRMPZSiRZBUuCBaGRbaxiuxPmXeFfs6QYeSWCY', 'decimals': 7, 'status': 'live', 'anchorAssetType': 'crypto', 'anchorAsset': 'USDC', 'orgName': 'Cassator Corp.', 'orgLogo': 'https://stellar.myfilebase.com/ipfs/QmSZtyjvnKNNpTW2ohedm44sw5f4XwRUt5oMQ2HncTzsDw'}",,,,,,,,,,,,,,
yUSDC-GDGTVWSM4MGS4T7Z6W4RPWOCHE2I6RDFCIFZGS3DOA63LWQTRNZNTTFF-2,26086968312299,3334912540395265,1901622428338716,1615892795,"[33020, 33020, 10261]",16059554,"{'age': 8, 'trades': 9, 'payments': 9, 'trustlines': 7, 'volume7d': 9, 'interop': 10, 'liquidity': 5, 'average': 8.1}","[[1726012800, 1.00041222543554], [1726099200, 1.0004118135416666], [1726185600, 1.000433090625], [1726272000, 1.0006323427083332], [1726358400, 1.0005377729166667], [1726444800, 0.9998724659722222], [1726531200, 1.0003669944250873], [1726617600, 1.0005771502304148]]",2499338610327,5,ultracapital.xyz,"{'code': 'yUSDC', 'issuer': 'GDGTVWSM4MGS4T7Z6W4RPWOCHE2I6RDFCIFZGS3DOA63LWQTRNZNTTFF', 'image': 'https://stellar.myfilebase.com/ipfs/QmTmcN7qNDkcfaawoJCUv31aWjwT75KjKAX4zC7JFrE2Xr', 'status': 'live', 'anchorAssetType': 'crypto', 'anchorAsset': 'USDC', 'orgName': 'Ultra Capital LLC dba Ultra Capital', 'orgLogo': 'https://stellar.myfilebase.com/ipfs/Qmaw6X1uP8ohKodhiveFygHBRBfW95TovoBfodJhGJRUho'}",,,,,,,,,,,,,,
AQUA-GBNZILSTVQZ4R7IKQDGHYGY2QXL5QOFJYQMXPKWRRM5PAV7Y4M67AQUA-1,999707710523864800,1827351415358400000,2922416736385379000,1620331559,"[186044, 186044, 130766]",255737230,"{'age': 8, 'trades': 10, 'payments': 10, 'trustlines': 9, 'volume7d': 9, 'interop': 4, 'liquidity': 6, 'average': 8}","[[1726012800, 0.0006110752912891987], [1726099200, 0.0006218075541666667], [1726185600, 0.0006322834142361111], [1726272000, 0.0006350947225694445], [1726358400, 0.0006370511475694445], [1726444800, 0.0006230465805555556], [1726531200, 0.0006277550611111112], [1726617600, 0.0006218589819004525]]",3786767441685,6,aqua.network,"{'code': 'AQUA', 'issuer': 'GBNZILSTVQZ4R7IKQDGHYGY2QXL5QOFJYQMXPKWRRM5PAV7Y4M67AQUA', 'name': 'AQUA', 'image': 'https://stellar.myfilebase.com/ipfs/QmTqE6DhQftp51YXXL8HtkEBhr1PpW6F8W1NxnVoyK6G93', 'decimals': 7, 'orgName': 'Aquarius dba AQUA token', 'orgLogo': 'https://stellar.myfilebase.com/ipfs/QmTqE6DhQftp51YXXL8HtkEBhr1PpW6F8W1NxnVoyK6G93'}",,,,,,,,,,,,,,
BTCLN-GDPKQ2TSNJOFSEE7XSUXPWRP27H6GFGLWD7JCHNEYYWQVGFA543EVBVT-2,6333400848192720,165858544716604860,23807591185899530,1594287238,"[8119, 8119, 6757]",10771517,"{'age': 9, 'trades': 9, 'payments': 8, 'trustlines': 6, 'volume7d': 8, 'interop': 10, 'liquidity': 5, 'average': 7.9}","[[1726012800, 0.0005711100745341615], [1726099200, 0.0005816235904191617], [1726185600, 0.0005883537881773399], [1726272000, 0.0006017704905882354], [1726358400, 0.0005995763032520325], [1726444800, 0.0005861966079136691], [1726531200, 0.0005937958028248587], [1726617600, 0.000600201738888889]]",248854378467,7,kbtrading.org,"{'code': 'BTCLN', 'issuer': 'GDPKQ2TSNJOFSEE7XSUXPWRP27H6GFGLWD7JCHNEYYWQVGFA543EVBVT', 'name': 'Bitcoin Lightning', 'image': 'https://stellar.myfilebase.com/ipfs/QmVrLfcrZ5L2NeWoeTqDjpoTw9C86C5GHzNxXHXovo3Ztq', 'status': 'live', 'anchorAssetType': 'crypto', 'anchorAsset': 'BTCLN', 'orgName': 'KB Trading'}",,,,,,,,,,,,,,
XRP-GBXRPL45NPHCVMFFAYZVUVFFVKSIZ362ZXFP7I2ETNQ3QKZMFLPRDTD5-1,884612757363832,1940039019619514,1644964017827456,1517906561,"[38197, 38196, 23486]",252346,"{'age': 10, 'trades': 9, 'payments': 6, 'trustlines': 7, 'volume7d': 9, 'interop': 8, 'liquidity': 5, 'average': 7.7}","[[1726012800, 0.5342278736842105], [1726099200, 0.5502455003676471], [1726185600, 0.5667767950877193], [1726272000, 0.5833123007142857], [1726358400, 0.585972923773585], [1726444800, 0.5720003489051094], [1726531200, 0.5846119340501792], [1726617600, 0.5742320660194175]]",6312707757932,8,fchain.io,"{'code': 'XRP', 'issuer': 'GBXRPL45NPHCVMFFAYZVUVFFVKSIZ362ZXFP7I2ETNQ3QKZMFLPRDTD5', 'image': 'https://stellar.myfilebase.com/ipfs/QmPYsJjR623oATjwfLtnqW4BEDAgBsnMktjXcLC2pfNiEm', 'anchorAssetType': 'crypto', 'anchorAsset': 'XRP', 'orgName': 'Muyu Network', 'orgLogo': 'https://stellar.myfilebase.com/ipfs/QmQ8FAeShzuD987P4CfBs5ZdTCjnGTDqnrtJzhkgzFMDmM'}",,,,,,,,,,,,,,
ARST-GCSAZVWXZKWS4XS223M5F54H2B6XPIIXZZGP7KEAIU6YSL5HDRGCI3DG-1,2375486537679194,81678069046111800,63558648330248744,1576271512,"[263360, 263360, 34796]",130162,"{'age': 9, 'trades': 8, 'payments': 6, 'trustlines': 8, 'volume7d': 8, 'interop': 10, 'liquidity': 5, 'average': 7.7}","[[1726012800, 0.0008090639182481751], [1726099200, 0.000802441593877551], [1726185600, 0.0008085472156521739], [1726272000, 0.0008054925520408164], [1726358400, 0.0008040895428571429], [1726444800, 0.0008028088630434783], [1726531200, 0.0008028698369565218], [1726617600, 0.0008053822520547945]]",319020556066,9,pubnet-sep.latamex.com,"{'code': 'ARST', 'issuer': 'GCSAZVWXZKWS4XS223M5F54H2B6XPIIXZZGP7KEAIU6YSL5HDRGCI3DG', 'name': 'ARST', 'image': 'https://stellar.myfilebase.com/ipfs/QmUipuXJJBv784WtdnyXbVgh5KM4WZVb8Zf3eKB3XXWesa', 'decimals': 2, 'status': 'live', 'anchorAssetType': 'fiat', 'anchorAsset': 'ARS', 'orgName': 'Relay Tech Services Ltd'}",,,,,,,,,,,,,,
IDRT-GDPKQ2TSNJOFSEE7XSUXPWRP27H6GFGLWD7JCHNEYYWQVGFA543EVBVT-1,17048290578859850,172349452542866050,45208760186310300,1618839935,"[8893, 8893, 8151]",3762574,"{'age': 8, 'trades': 8, 'payments': 8, 'trustlines': 7, 'volume7d': 8, 'interop': 10, 'liquidity': 4, 'average': 7.6}","[[1726012800, 6.45528467816092e-05], [1726099200, 6.442977224489795e-05], [1726185600, 6.482380183098591e-05], [1726272000, 6.488536563636363e-05], [1726358400, 6.597296702702703e-05], [1726444800, 6.992607801980198e-05], [1726531200, 7.154836659090909e-05], [1726617600, 6.591360901960785e-05]]",201122981059,10,kbtrading.org,"{'code': 'IDRT', 'issuer': 'GDPKQ2TSNJOFSEE7XSUXPWRP27H6GFGLWD7JCHNEYYWQVGFA543EVBVT', 'name': 'Indonesian IDRT', 'image': 'https://stellar.myfilebase.com/ipfs/Qme7voiVGkuBJRR2ZMSWFdrfJ94tqGH8tLBaCHk8BaUxhn', 'decimals': 2, 'status': 'test', 'anchorAssetType': 'fiat', 'anchorAsset': 'IDRT', 'orgName': 'KB Trading'}",,,,,,,,,,,,,,
BTC-GDPJALI4AZKUU2W426U5WKMAT6CN3AJRPIIRYR2YM54TL2GDWO5O2MZM-1,840079189,78095292762,52133438756,1619096705,"[13723, 13723, 2558]",839567,"{'age': 8, 'trades': 8, 'payments': 7, 'trustlines': 6, 'volume7d': 8, 'interop': 10, 'liquidity': 6, 'average': 7.6}","[[1726012800, 56874.29254054053], [1726099200, 57990.14953757225], [1726185600, 58922.71324999999], [1726272000, 60044.39113333333], [1726358400, 59944.565217391304], [1726444800, 58341.450379746835], [1726531200, 59390.54528089888], [1726617600, 60060.5781294964]]",1523239382051,11,ultracapital.xyz,"{'code': 'BTC', 'issuer': 'GDPJALI4AZKUU2W426U5WKMAT6CN3AJRPIIRYR2YM54TL2GDWO5O2MZM', 'image': 'https://stellar.myfilebase.com/ipfs/QmUjsGiNcUFTbiKoMZyBtgkSwfndBXSbRKFpGrYKvHC1fX', 'status': 'live', 'anchorAssetType': 'crypto', 'anchorAsset': 'BTC', 'orgName': 'Ultra Capital LLC dba Ultra Capital', 'orgLogo': 'https://stellar.myfilebase.com/ipfs/Qmaw6X1uP8ohKodhiveFygHBRBfW95TovoBfodJhGJRUho'}",,,,,,,,,,,,,,
ETH-GBFXOHVAS43OIWNIO7XLRJAHT3BICFEIKOJLZVXNT572MISM4CMGSOCC-1,10418352923,945656166215,685993250597,1619096907,"[11434, 11434, 2291]",1178632,"{'age': 8, 'trades': 8, 'payments': 7, 'trustlines': 6, 'volume7d': 8, 'interop': 10, 'liquidity': 6, 'average': 7.6}","[[1726012800, 2340.0316793478264], [1726099200, 2351.316956834532], [1726185600, 2381.3539489795917], [1726272000, 2423.605643939394], [1726358400, 2398.5424303797467], [1726444800, 2293.16674556213], [1726531200, 2324.672493273543], [1726617600, 2315.2667037037036]]",722454260248,12,ultracapital.xyz,"{'code': 'ETH', 'issuer': 'GBFXOHVAS43OIWNIO7XLRJAHT3BICFEIKOJLZVXNT572MISM4CMGSOCC', 'image': 'https://stellar.myfilebase.com/ipfs/Qmdu8ywKeXkkGWE1EoUxwuGUZRaDs2rG9ZsV8d6F4NLMxQ', 'status': 'live', 'anchorAssetType': 'crypto', 'anchorAsset': 'ETH', 'orgName': 'Ultra Capital LLC dba Ultra Capital', 'orgLogo': 'https://stellar.myfilebase.com/ipfs/Qmaw6X1uP8ohKodhiveFygHBRBfW95TovoBfodJhGJRUho'}",,,,,,,,,,,,,,
SHX-GDSTRSHXHGJ7ZIVRBXEYE5Q74XUVCUSEKEBR7UCHEUUEK72N7I7KJ6JH-1,997502491728608900,622513725308886900,2039223109621454300,1545437360,"[53845, 53845, 37495]",439860,"{'age': 9, 'trades': 9, 'payments': 7, 'trustlines': 8, 'volume7d': 9, 'interop': 4, 'liquidity': 6, 'average': 7.4}","[[1726012800, 0.0044028102652329745], [1726099200, 0.00456967759489051], [1726185600, 0.005023804799270073], [1726272000, 0.004835204654275093], [1726358400, 0.004741076372093023], [1726444800, 0.004624261965517241], [1726531200, 0.004713330229571985], [1726617600, 0.004596676829268293]]",12473590837784,13,stronghold.co,"{'code': 'SHX', 'issuer': 'GDSTRSHXHGJ7ZIVRBXEYE5Q74XUVCUSEKEBR7UCHEUUEK72N7I7KJ6JH', 'name': 'Stronghold SHx', 'image': 'https://stellar.myfilebase.com/ipfs/QmX2Jn7gzyL27vP6hWrDTpwFeLcuUz7jcLK2ovhMrUAQVp', 'orgName': 'Stronghold', 'orgLogo': 'https://stellar.myfilebase.com/ipfs/QmX2Jn7gzyL27vP6hWrDTpwFeLcuUz7jcLK2ovhMrUAQVp'}",,,,,,,,,,,,,,
XRP-GCNSGHUCG5VMGLT5RIYYZSO7VQULQKAJ62QA33DBC5PPBSO57LFWVV6P-1,73098782915358,464986441501227,145448811040985,1524838959,"[20690, 20690, 10000]",131301,"{'age': 9, 'trades': 8, 'payments': 6, 'trustlines': 7, 'volume7d': 8, 'interop': 10, 'liquidity': 3, 'average': 7.3}","[[1726012800, 0.2594210484848485], [1726099200, 0.24469850917431193], [1726185600, 0.26255115], [1726272000, 0.23775218305084744], [1726358400, 0.24258334636363638], [1726444800, 0.2455463486725664], [1726531200, 0.21034054562499999], [1726617600, 0.2172490961904762]]",238835091635,14,interstellar.exchange,"{'code': 'XRP', 'issuer': 'GCNSGHUCG5VMGLT5RIYYZSO7VQULQKAJ62QA33DBC5PPBSO57LFWVV6P', 'name': 'Ripple', 'image': 'https://stellar.myfilebase.com/ipfs/QmPME2PGmRbDJb3z7ZSdjaboXkR4FhBgu785cenj1ogm6R', 'decimals': 7, 'status': 'live', 'anchorAssetType': 'crypto', 'anchorAsset': 'XRP', 'orgName': 'Interstellar, Inc.', 'orgLogo': 'https://stellar.myfilebase.com/ipfs/QmZNzf7EemDd8Fpjin7CvfXr8psE9DvQ4QdBhFB7wTUhJG'}",,,,,,,,,,,,,,
USD-GDUKMGUGDZQK6YHYA5Z6AY2G4XDSZPSZ3SW5UN3ARVMO6QSRDWP5YLEX-1,19297835258121,278712117299797,5535648532176386,1533415069,"[46098, 46098, 2732]",64814,"{'age': 9, 'trades': 8, 'payments': 6, 'trustlines': 6, 'volume7d': 7, 'interop': 10, 'liquidity': 5, 'average': 7.3}","[[1726012800, 0.9058167333333333], [1726099200, 0.92289775625], [1726185600, 0.9409709111111112], [1726272000, 0.9256328217391304], [1726358400, 0.9237290952380952], [1726444800, 0.9063218961538462], [1726531200, 0.892601624], [1726617600, 0.8814236999999999]]",4700044423,15,stablecoin.anchorusd.com,"{'code': 'USD', 'issuer': 'GDUKMGUGDZQK6YHYA5Z6AY2G4XDSZPSZ3SW5UN3ARVMO6QSRDWP5YLEX', 'name': 'US Dollar', 'image': 'https://stellar.myfilebase.com/ipfs/QmS1GJpv1T2JwiBaXKDyNLP55NQJN8GAfgdEMdSP7ByWuf', 'decimals': 2, 'status': 'live', 'anchorAssetType': 'fiat', 'anchorAsset': 'USD', 'orgName': 'AnchorCoin LLC dba AnchorUSD', 'orgLogo': 'https://stellar.myfilebase.com/ipfs/QmWj3FW2dXtfMT55MXzbHML3Lhb3FrmMH7QSqQPc95AP96'}",,,,,,,,,,,,,,
FIDR-GBZQNUAGO4DZFWOHJ3PVXZKZ2LTSOVAMCTVM46OEMWNWTED4DFS3NAYH-1,49999899595495,246285361526300,4830657923311356,1538562254,"[14339, 14339, 10923]",5960945,"{'age': 9, 'trades': 8, 'payments': 8, 'trustlines': 7, 'volume7d': 7, 'interop': 10, 'liquidity': 2, 'average': 7.3}","[[1726012800, 0.04827980926829269], [1726099200, 0.04874599239316239], [1726185600, 0.04897453682352941], [1726272000, 0.024369706457364342], [1726358400, 0.013533168476510067], [1726444800, 0.013647347032967034], [1726531200, 0.01468122686746988], [1726617600, 0.014048805535714286]]",47255014882,16,fixedidr.com,"{'code': 'FIDR', 'issuer': 'GBZQNUAGO4DZFWOHJ3PVXZKZ2LTSOVAMCTVM46OEMWNWTED4DFS3NAYH', 'name': 'FIDR', 'image': 'https://stellar.myfilebase.com/ipfs/QmQCvzWgWGABWpDpnjW8VUuAgpi2wsjTjE3diUrPssEJys', 'status': 'live', 'orgName': 'Fixedidr dba Cryptoasset and cryptocurrency developer.', 'orgLogo': 'https://stellar.myfilebase.com/ipfs/QmQCvzWgWGABWpDpnjW8VUuAgpi2wsjTjE3diUrPssEJys'}",,,,,,,,,,,,,,
SCOP-GC6OYQJIZF3HFXCYPFCBXYXNGIBQ4TNSFUBUXQJOZWIP6F3YZK4QH3VQ-1,99999992796122400,10758930004250552,251107464499822850,1561458466,"[36460, 36460, 29455]",4974003,"{'age': 9, 'trades': 8, 'payments': 8, 'trustlines': 8, 'volume7d': 8, 'interop': 6, 'liquidity': 4, 'average': 7.3}","[[1726012800, 0.012414208212560385], [1726099200, 0.01248665175925926], [1726185600, 0.012886136052631579], [1726272000, 0.013003098978494623], [1726358400, 0.012912498549222799], [1726444800, 0.012611503236714977], [1726531200, 0.012695563036649213], [1726617600, 0.012521058258064516]]",714933537671,17,scopuly.com,"{'code': 'SCOP', 'issuer': 'GC6OYQJIZF3HFXCYPFCBXYXNGIBQ4TNSFUBUXQJOZWIP6F3YZK4QH3VQ', 'name': 'Scopuly', 'image': 'https://stellar.myfilebase.com/ipfs/QmXUQsnLxb5PA7iPby2JnP23mCHSbXxf7Kr5QdfmhYzaDQ', 'decimals': 7, 'status': 'live', 'orgName': 'Scopuly', 'orgLogo': 'https://stellar.myfilebase.com/ipfs/QmTB3m7NZgkrTw1Zq6ErXxLv7Qz45tbxjPqcsz3KE5F4Ci'}",,,,,,,,,,,,,,
XCHF-GDPKQ2TSNJOFSEE7XSUXPWRP27H6GFGLWD7JCHNEYYWQVGFA543EVBVT-1,152830000000,7246254241100,10001481643700708,1618839908,"[5282, 5282, 4941]",3532578,"{'age': 8, 'trades': 8, 'payments': 8, 'trustlines': 6, 'volume7d': 7, 'interop': 10, 'liquidity': 4, 'average': 7.3}","[[1726012800, 1.1779964413793103], [1726099200, 1.174212175], [1726185600, 1.1791776846846846], [1726272000, 1.1816352435897435], [1726358400, 1.1778752333333335], [1726444800, 1.1802859910714287], [1726531200, 1.1869116025641024], [1726617600, 1.178109085106383]]",19227201968,18,kbtrading.org,"{'code': 'XCHF', 'issuer': 'GDPKQ2TSNJOFSEE7XSUXPWRP27H6GFGLWD7JCHNEYYWQVGFA543EVBVT', 'name': 'Swiss Franc', 'image': 'https://stellar.myfilebase.com/ipfs/QmfUfypiaSegTjHTzWGPUGfhBFCvWsnGEkaDmfQdWyXmXi', 'decimals': 2, 'status': 'test', 'anchorAssetType': 'fiat', 'anchorAsset': 'CHF', 'orgName': 'KB Trading'}",,,,,,,,,,,,,,
BRL-GDVKY2GU2DRXWTBEYJJWSFXIGBZV6AZNBVVSUHEPZI54LIS6BA7DVVSP-1,8549877130140,437892017617403,700781715797782,1575995800,"[7982, 7982, 2042]",23659,"{'age': 9, 'trades': 8, 'payments': 5, 'trustlines': 6, 'volume7d': 7, 'interop': 10, 'liquidity': 5, 'average': 7.1}","[[1726012800, 0.17418017446808512], [1726099200, 0.17563304347826086], [1726185600, 0.17715072708333335], [1726272000, 0.17792592238805968], [1726358400, 0.1774857277777778], [1726444800, 0.1757961974025974], [1726531200, 0.17712661617647057], [1726617600, 0.1727701142857143]]",58194357004,19,ntokens.com,"{'code': 'BRL', 'issuer': 'GDVKY2GU2DRXWTBEYJJWSFXIGBZV6AZNBVVSUHEPZI54LIS6BA7DVVSP', 'name': 'Brazilian Real', 'image': 'https://stellar.myfilebase.com/ipfs/Qmdz4nG4DpdQxjmdqLUM34VPdvU797gLekDr3oiX4ZqMeP', 'status': 'live', 'anchorAssetType': 'fiat', 'anchorAsset': 'BRL', 'orgName': 'nTokens Servi√ßos Digitais Ltda'}",,,,,,,,,,,,,,
XXA-GC4HS4CQCZULIOTGLLPGRAAMSBDLFRR6Y7HCUQG66LNQDISXKIXXADIM-1,2771002983082156,88797066028963200,101319593193641520,1560707146,"[19295, 19295, 16995]",8365311,"{'age': 9, 'trades': 9, 'payments': 8, 'trustlines': 7, 'volume7d': 8, 'interop': 4, 'liquidity': 4, 'average': 7}","[[1726012800, 0.006311779518134716], [1726099200, 0.005804510812121212], [1726185600, 0.00589485308433735], [1726272000, 0.005833561148148148], [1726358400, 0.005669088683333333], [1726444800, 0.005111463392638037], [1726531200, 0.005539544455223881], [1726617600, 0.0056920811666666665]]",191066548845,20,ixinium.io,"{'code': 'XXA', 'issuer': 'GC4HS4CQCZULIOTGLLPGRAAMSBDLFRR6Y7HCUQG66LNQDISXKIXXADIM', 'name': 'IXINIUM', 'image': 'https://stellar.myfilebase.com/ipfs/QmTWiTsbDvLm6hj2SgNY8Zc45yzUe6mnmBqLgoTrSDFpKG', 'decimals': 7, 'status': 'live', 'orgName': 'Baltic Representative Office dba Ixinium', 'orgLogo': 'https://stellar.myfilebase.com/ipfs/QmTWiTsbDvLm6hj2SgNY8Zc45yzUe6mnmBqLgoTrSDFpKG'}",,,,,,,,,,,,,,
ARS-GCYE7C77EB5AWAA25R5XMWNI2EDOKTTFTTPZKM2SR5DI4B4WFD52DARS-1,340449014117377,18409250790484028,34257427134188784,1580311704,"[61126, 61126, 5362]",41048,"{'age': 9, 'trades': 8, 'payments': 5, 'trustlines': 6, 'volume7d': 8, 'interop': 10, 'liquidity': 3, 'average': 7}","[[1726012800, 0.0008035020104347827], [1726099200, 0.0007972491721153845], [1726185600, 0.0007977689918918919], [1726272000, 0.0007962070767441861], [1726358400, 0.0007918373488372093], [1726444800, 0.0007913959536842106], [1726531200, 0.0007938671], [1726617600, 0.00079576039]]",299795665079,21,api.anclap.com,"{'code': 'ARS', 'issuer': 'GCYE7C77EB5AWAA25R5XMWNI2EDOKTTFTTPZKM2SR5DI4B4WFD52DARS', 'name': 'Peso Digital', 'image': 'https://stellar.myfilebase.com/ipfs/QmRGEnqdULKdDc6X3Qa7E216ZTitvnwEZ4zkASP8jik4uK', 'decimals': 2, 'status': 'live', 'anchorAssetType': 'fiat', 'anchorAsset': 'ARS', 'orgName': 'Grupo Anchor S.A. dba Anclap'}",,,,,,,,,,,,,,
yBTC-GBUVRNH4RW4VLHP4C5MOF46RRIRZLAVHYGX45MVSTKA2F6TMR7E7L6NW-1,518894305,34158690329,33980081320,1615892096,"[4195, 4195, 1417]",1025236,"{'age': 8, 'trades': 8, 'payments': 7, 'trustlines': 5, 'volume7d': 7, 'interop': 10, 'liquidity': 4, 'average': 7}","[[1726012800, 56937.751100917434], [1726099200, 57974.52836956522], [1726185600, 58951.45042372882], [1726272000, 60090.595462962956], [1726358400, 59905.75232323233], [1726444800, 58436.20020408164], [1726531200, 59337.12952380952], [1726617600, 60028.36694117648]]",74892936955,22,ultracapital.xyz,"{'code': 'yBTC', 'issuer': 'GBUVRNH4RW4VLHP4C5MOF46RRIRZLAVHYGX45MVSTKA2F6TMR7E7L6NW', 'image': 'https://stellar.myfilebase.com/ipfs/QmT8LZrzaxnxAKgANZhUcK43SahGjkKaZ37vEGp3qs5X1R', 'status': 'live', 'anchorAssetType': 'crypto', 'anchorAsset': 'BTC', 'orgName': 'Ultra Capital LLC dba Ultra Capital', 'orgLogo': 'https://stellar.myfilebase.com/ipfs/Qmaw6X1uP8ohKodhiveFygHBRBfW95TovoBfodJhGJRUho'}",,,,,,,,,,,,,,
LSP-GAB7STHVD5BDH3EEYXPI3OM7PCS4V443PYB5FNT6CFGJVPDLMKDM24WK-1,7997104723810547,48672371493886210,32189992983097510,1623927381,"[20123, 20123, 12004]",1576461,"{'age': 8, 'trades': 9, 'payments': 7, 'trustlines': 7, 'volume7d': 8, 'interop': 4, 'liquidity': 6, 'average': 7}","[[1726012800, 0.0041833137224669605], [1726099200, 0.0040557647810945275], [1726185600, 0.004114746928205128], [1726272000, 0.004104939309782609], [1726358400, 0.004079046947916666], [1726444800, 0.0039390851715686275], [1726531200, 0.0037729377916666668], [1726617600, 0.003715522504347826]]",516449057386,23,lumenswap.io,"{'code': 'LSP', 'issuer': 'GAB7STHVD5BDH3EEYXPI3OM7PCS4V443PYB5FNT6CFGJVPDLMKDM24WK', 'name': 'Lumenswap asset', 'image': 'https://stellar.myfilebase.com/ipfs/QmUxVdZomJzT5AQpS9iCuV2h9DTWhy4mh9naMghiHnXRSv', 'decimals': 7, 'status': 'live', 'orgName': 'Lumenswap LLC dba Lumenswap', 'orgLogo': 'https://stellar.myfilebase.com/ipfs/Qmbk5bcNAPk41Djk2GPiVXNumLJvMTyMj158wMQ2UjKCym'}",,,,,,,,,,,,,,
LTC-GCNSGHUCG5VMGLT5RIYYZSO7VQULQKAJ62QA33DBC5PPBSO57LFWVV6P-1,2554051349,158136014924,162919892464,1511749886,"[2390, 2390, 613]",141182,"{'age': 10, 'trades': 7, 'payments': 6, 'trustlines': 5, 'volume7d': 7, 'interop': 10, 'liquidity': 3, 'average': 6.9}","[[1726012800, 61.44169142857143], [1726099200, 62.48019302631579], [1726185600, 63.753077475728155], [1726272000, 65.71079713043478], [1726358400, 64.80245402298851], [1726444800, 62.92017551020408], [1726531200, 63.18172428571428], [1726617600, 63.608292978723405]]",4476906861,24,interstellar.exchange,"{'code': 'LTC', 'issuer': 'GCNSGHUCG5VMGLT5RIYYZSO7VQULQKAJ62QA33DBC5PPBSO57LFWVV6P', 'name': 'Litecoin', 'image': 'https://stellar.myfilebase.com/ipfs/QmdteyD2DNLYteqDmKEgDwB7zjccYzJ7eQoVTSGQRpAz8q', 'decimals': 7, 'status': 'live', 'anchorAssetType': 'crypto', 'anchorAsset': 'LTC', 'orgName': 'Interstellar, Inc.', 'orgLogo': 'https://stellar.myfilebase.com/ipfs/QmZNzf7EemDd8Fpjin7CvfXr8psE9DvQ4QdBhFB7wTUhJG'}",,,,,,,,,,,,,,
NGNT-GAWODAROMJ33V5YDFY3NPYTHVYQG7MJXVJ2ND3AOGIHYRWINES6ACCPD-1,343221672543185,47800525629942900,55405184906989320,1521576836,"[15142, 15142, 2880]",45641,"{'age': 9, 'trades': 7, 'payments': 6, 'trustlines': 6, 'volume7d': 7, 'interop': 10, 'liquidity': 3, 'average': 6.9}","[[1726012800, 0.0006265789581818182], [1726099200, 0.0006302862618181819], [1726185600, 0.0006402937499999999], [1726272000, 0.0006452561086206896], [1726358400, 0.0006382291566037736], [1726444800, 0.0006625729907407408], [1726531200, 0.000659710711764706], [1726617600, 0.0006527796565217391]]",2885221986,25,cowrie.exchange,"{'code': 'NGNT', 'issuer': 'GAWODAROMJ33V5YDFY3NPYTHVYQG7MJXVJ2ND3AOGIHYRWINES6ACCPD', 'name': 'Naira Token', 'image': 'https://stellar.myfilebase.com/ipfs/QmTa5s8qxAFMGyiHBtGGMTDd3E3uQaex4ajtUB6536JYbR', 'decimals': 2, 'status': 'live', 'anchorAssetType': 'fiat', 'anchorAsset': 'NGN', 'orgName': 'Cowrie Integrated Systems dba Cowrie Exchange', 'orgLogo': 'https://stellar.myfilebase.com/ipfs/QmTa5s8qxAFMGyiHBtGGMTDd3E3uQaex4ajtUB6536JYbR'}",,,,,,,,,,,,,,
BTC-GBVOL67TMUQBGL4TZYNMY3ZQ5WGQYFPFD5VJRWXR72VA33VFNL225PL5-1,343431627,5527940614,5413420022,1522701435,"[11671, 11671, 1998]",16254,"{'age': 9, 'trades': 7, 'payments': 5, 'trustlines': 6, 'volume7d': 8, 'interop': 8, 'liquidity': 5, 'average': 6.9}","[[1726012800, 63821.840000000004], [1726099200, 63815.77703125], [1726185600, 65380.38838709678], [1726272000, 65998.06318181817], [1726358400, 65819.86882352941], [1726444800, 64651.202173913036], [1726531200, 59512.02551020408], [1726617600, 59794.27142857143]]",152389314838,26,stellarport.io,"{'code': 'BTC', 'issuer': 'GBVOL67TMUQBGL4TZYNMY3ZQ5WGQYFPFD5VJRWXR72VA33VFNL225PL5', 'name': 'Bitcoin', 'image': 'https://stellar.myfilebase.com/ipfs/QmZ1BjXaPBiiqD4tdMWdk5Gm5W456ULmPkyPaPMVPmewpS', 'decimals': 7, 'anchorAssetType': 'crypto', 'anchorAsset': 'BTC'}",,,,,,,,,,,,,,
VELO-GDM4RQUQQUVSKQA7S6EM7XBZP3FCGH4Q7CL6TABQ7B2BEJ5ERARM2M5M-1,239999226457076700,75794297038657890,3309251312602593000,1601266688,"[20543, 20543, 13449]",334292,"{'age': 9, 'trades': 9, 'payments': 7, 'trustlines': 7, 'volume7d': 9, 'interop': 1, 'liquidity': 6, 'average': 6.9}","[[1726012800, 0.01468018629496403], [1726099200, 0.01538623306859206], [1726185600, 0.016174927720588234], [1726272000, 0.016698199270072992], [1726358400, 0.016030359498069496], [1726444800, 0.015600784140625], [1726531200, 0.016186918181818184], [1726617600, 0.015614533451776649]]",18256796217921,27,,,,,,,,,,,,,,,,
AFR-GBX6YI45VU7WNAAKA3RBFDR3I3UKNFHTJPQ5F6KOOKSGYIAM4TRQN54W-1,79999751662883500,366611683555836860,492679426234518600,1601921461,"[49446, 49446, 15575]",56378,"{'age': 9, 'trades': 9, 'payments': 6, 'trustlines': 7, 'volume7d': 8, 'interop': 4, 'liquidity': 5, 'average': 6.9}","[[1726012800, 0.0007089829876], [1726099200, 0.0007076974070484582], [1726185600, 0.0007474403362831858], [1726272000, 0.0007469125516806722], [1726358400, 0.0007319227867346939], [1726444800, 0.0006975195140096619], [1726531200, 0.0007043948988764045], [1726617600, 0.0006935123719696969]]",318083049155,28,afreum.com,"{'code': 'AFR', 'issuer': 'GBX6YI45VU7WNAAKA3RBFDR3I3UKNFHTJPQ5F6KOOKSGYIAM4TRQN54W', 'name': 'AFREUM', 'image': 'https://stellar.myfilebase.com/ipfs/QmRGezPHkaVJuqxDebHrfqEeESLbEDY3m596wnCWrdCaXw', 'decimals': 7, 'status': 'live', 'orgName': 'Afreum Inc dba Afreum', 'orgLogo': 'https://stellar.myfilebase.com/ipfs/QmXKkc1Ka3n21DN2qCdMBTv4yxua7b3D3pShRC8umpvS3Z'}",,,,,,,,,,,,,,
yETH-GDYQNEF2UWTK4L6HITMT53MZ6F5QWO3Q4UVE6SCGC4OMEQIZQQDERQFD-1,5006880321,327771862957,335213518123,1615892268,"[3727, 3727, 1456]",1618373,"{'age': 8, 'trades': 8, 'payments': 7, 'trustlines': 5, 'volume7d': 7, 'interop': 10, 'liquidity': 3, 'average': 6.9}","[[1726012800, 2338.194253012048], [1726099200, 2352.9344725274727], [1726185600, 2386.9039024390245], [1726272000, 2423.9796352941175], [1726358400, 2402.508819277108], [1726444800, 2295.326271604938], [1726531200, 2323.0004814814815], [1726617600, 2312.665209302326]]",27717449786,29,ultracapital.xyz,"{'code': 'yETH', 'issuer': 'GDYQNEF2UWTK4L6HITMT53MZ6F5QWO3Q4UVE6SCGC4OMEQIZQQDERQFD', 'image': 'https://stellar.myfilebase.com/ipfs/QmavC22bVfCkzHX2AJQZAh6Vbw83JtKDZhKZFUcktomdQn', 'status': 'live', 'anchorAssetType': 'crypto', 'anchorAsset': 'ETH', 'orgName': 'Ultra Capital LLC dba Ultra Capital', 'orgLogo': 'https://stellar.myfilebase.com/ipfs/Qmaw6X1uP8ohKodhiveFygHBRBfW95TovoBfodJhGJRUho'}",,,,,,,,,,,,,,
EURMTL-GACKTN5DAZGWXRWB2WLM6OPBDHAMT6SJNGLJZPQMEZBUR4JUGBX2UK7V-2,6201717854541,71584373256159,166831547916953,1622539189,"[3651, 3651, 1180]",58657,"{'age': 8, 'trades': 6, 'payments': 6, 'trustlines': 5, 'volume7d': 8, 'interop': 10, 'liquidity': 5, 'average': 6.9}","[[1726012800, 1.1129406481481483], [1726099200, 1.1147861395348837], [1726185600, 1.1138573166666668], [1726272000, 1.1140250416666666], [1726358400, 1.11243076], [1726444800, 1.1166742407407408], [1726531200, 1.1210425957446808], [1726617600, 1.1171193333333334]]",713943991163,30,mtl.montelibero.org,"{'code': 'EURMTL', 'issuer': 'GACKTN5DAZGWXRWB2WLM6OPBDHAMT6SJNGLJZPQMEZBUR4JUGBX2UK7V', 'name': 'EURMTL', 'image': 'https://stellar.myfilebase.com/ipfs/QmPVfGsrsTuQbD3q9SN8ZcrzrsByrpY5tJ6p6rPqpDG2dQ', 'decimals': 2, 'status': 'live', 'anchorAssetType': 'fiat', 'anchorAsset': 'EUR', 'orgName': 'Montelibero dba Montelibero', 'orgLogo': 'https://stellar.myfilebase.com/ipfs/QmNwTv3bi45JQrMQHfSKWK3WF4W7cF4QgRtShfWpfqHC75'}",,,,,,,,,,,,,,
EURC-GAQRF3UGHBT6JYQZ7YSUYCIYWAF4T2SAA5237Q5LIQYJOHHFAWDXZ7NM-1,7000058361633,95100709665103,1069910216345927,1642792857,"[26478, 26478, 4085]",37785,"{'age': 8, 'trades': 8, 'payments': 5, 'trustlines': 6, 'volume7d': 8, 'interop': 10, 'liquidity': 3, 'average': 6.9}","[[1726012800, 1.098253609375], [1726099200, 1.1017648703703704], [1726185600, 1.1041675130434783], [1726272000, 1.100671253164557], [1726358400, 1.1028544923076922], [1726444800, 1.1041540350877193], [1726531200, 1.110554172839506], [1726617600, 1.1070594259259259]]",230067420040,31,mykobo.co,"{'code': 'EURC', 'issuer': 'GAQRF3UGHBT6JYQZ7YSUYCIYWAF4T2SAA5237Q5LIQYJOHHFAWDXZ7NM', 'name': 'EURo Coin', 'image': 'https://stellar.myfilebase.com/ipfs/QmVMhyjyTimsfHkzwMZfxz3P1zYmwtumCpVkaTBdstb4u1', 'decimals': 2, 'status': 'live', 'anchorAssetType': 'fiat', 'anchorAsset': 'EUR', 'orgName': 'MYKOBO', 'orgLogo': 'https://stellar.myfilebase.com/ipfs/QmVMhyjyTimsfHkzwMZfxz3P1zYmwtumCpVkaTBdstb4u1'}",,,,,,,,,,,,,,
iFIDR-GBVVM7ZYANANRP3DWVRANRDUU4M7J5W77EDTSZFD62LQ7SOHJD5IFIDR-2,29999321836355,30934227121385,18607819728174,1650615495,"[9436, 9436, 8253]",6324906,"{'age': 8, 'trades': 7, 'payments': 8, 'trustlines': 7, 'volume7d': 6, 'interop': 10, 'liquidity': 2, 'average': 6.9}","[[1726012800, 0.01790858119402985], [1726099200, 0.016103722285714286], [1726185600, 0.016691745609756097], [1726272000, 0.010925116592105263], [1726358400, 0.01079767496969697], [1726444800, 0.010925664545454546], [1726531200, 0.011093782857142857], [1726617600, 0.01056036025]]",2642560367,32,fixedidr.com,"{'code': 'iFIDR', 'issuer': 'GBVVM7ZYANANRP3DWVRANRDUU4M7J5W77EDTSZFD62LQ7SOHJD5IFIDR', 'image': 'https://stellar.myfilebase.com/ipfs/QmdbQ2WfRPjJtmMUs6hCWN21oc8Yzqf4osxsHMaBjfy4F6', 'status': 'live', 'anchorAssetType': 'crypto', 'anchorAsset': 'XLM', 'orgName': 'Fixedidr dba Cryptoasset and cryptocurrency developer.', 'orgLogo': 'https://stellar.myfilebase.com/ipfs/QmQCvzWgWGABWpDpnjW8VUuAgpi2wsjTjE3diUrPssEJys'}",,,,,,,,,,,,,,
MOBI-GA6HCMBLTZS5VYYBCATRBRZ3BZJMAFUDKYYF6AH6MVCMGWMRDNSWJPIH-1,8877878419679999,25909845070977148,1293554533636934000,1508350235,"[38981, 38966, 24711]",106155,"{'age': 10, 'trades': 9, 'payments': 6, 'trustlines': 7, 'volume7d': 7, 'interop': 4, 'liquidity': 4, 'average': 6.7}","[[1726012800, 0.006353155580645161], [1726099200, 0.006589884244019139], [1726185600, 0.006657436214689266], [1726272000, 0.006619275417808219], [1726358400, 0.0065634025333333335], [1726444800, 0.006651669223776224], [1726531200, 0.006506378616], [1726617600, 0.006408706921875]]",41620203994,33,mobius.network,"{'code': 'MOBI', 'issuer': 'GA6HCMBLTZS5VYYBCATRBRZ3BZJMAFUDKYYF6AH6MVCMGWMRDNSWJPIH', 'name': 'Mobius', 'image': None, 'decimals': 7, 'status': 'live', 'orgName': 'Mochi, Inc. dba Mobius Network'}",,,,,,,,,,,,,,
BTC-GCNSGHUCG5VMGLT5RIYYZSO7VQULQKAJ62QA33DBC5PPBSO57LFWVV6P-1,65172537,10843484242,13319980007,1510260888,"[8772, 8772, 1457]",159892,"{'age': 10, 'trades': 7, 'payments': 6, 'trustlines': 5, 'volume7d': 6, 'interop': 10, 'liquidity': 3, 'average': 6.7}","[[1726012800, 40086.17538461539], [1726099200, 40364.467], [1726185600, 41078.125], [1726272000, 41438.38333333333], [1726358400, 41411.57], [1726444800, 40782.98857142857], [1726531200, 38242.71166666666], [1726617600, 37907.63]]",1895025757,34,interstellar.exchange,"{'code': 'BTC', 'issuer': 'GCNSGHUCG5VMGLT5RIYYZSO7VQULQKAJ62QA33DBC5PPBSO57LFWVV6P', 'name': 'Bitcoin', 'image': 'https://stellar.myfilebase.com/ipfs/QmPp21G3EX3hgwQmhphXDbE15pDBxBtdhuvT28Ah99oYVR', 'decimals': 7, 'status': 'live', 'anchorAssetType': 'crypto', 'anchorAsset': 'BTC', 'orgName': 'Interstellar, Inc.', 'orgLogo': 'https://stellar.myfilebase.com/ipfs/QmZNzf7EemDd8Fpjin7CvfXr8psE9DvQ4QdBhFB7wTUhJG'}",,,,,,,,,,,,,,
CLPX-GDYSPBVZHPQTYMGSYNOHRZQNLB3ZWFVQ2F7EP7YBOLRGD42XIC3QUX5G-1,94266324984368,771952106237932,296036757055504,1618844307,"[5545, 5545, 3976]",529452,"{'age': 8, 'trades': 7, 'payments': 7, 'trustlines': 6, 'volume7d': 6, 'interop': 10, 'liquidity': 3, 'average': 6.7}","[[1726012800, 0.00106680695], [1726099200, 0.0010806665882352941], [1726185600, 0.0010914669782608696], [1726272000, 0.001089643], [1726358400, 0.0010818778333333333], [1726444800, 0.0010806207173913044], [1726531200, 0.001086967972972973], [1726617600, 0.0010843335806451613]]",1104744037,35,clpx.finance,"{'code': 'CLPX', 'issuer': 'GDYSPBVZHPQTYMGSYNOHRZQNLB3ZWFVQ2F7EP7YBOLRGD42XIC3QUX5G', 'name': 'Chilean PESO', 'image': 'https://stellar.myfilebase.com/ipfs/QmPnLPffNmgoACztbEH8Hf7FCSMwyVdaoJni1UmrVkixJB', 'decimals': 2, 'status': 'live', 'anchorAssetType': 'fiat', 'anchorAsset': 'CLP', 'orgName': 'CLPX S.A.'}",,,,,,,,,,,,,,
XTAR-GAORYJ3KBDGIM7FFSKVUJHJ5NEFWIRDIAGGBJBJS7TY6ECZS53257IG4-1,982926393606603000,1008733833550003000,1373176721098337500,1639937537,"[7434, 7434, 6488]",5763036,"{'age': 8, 'trades': 8, 'payments': 8, 'trustlines': 6, 'volume7d': 8, 'interop': 4, 'liquidity': 5, 'average': 6.7}","[[1726012800, 3.093561660792952e-05], [1726099200, 3.1440312925764196e-05], [1726185600, 3.1206996249999996e-05], [1726272000, 3.1984976284722225e-05], [1726358400, 3.234705163194445e-05], [1726444800, 3.269727489583333e-05], [1726531200, 3.2924160381944445e-05], [1726617600, 3.24104578280543e-05]]",182965249755,36,dogstarcoin.com,"{'code': 'XTAR', 'issuer': 'GAORYJ3KBDGIM7FFSKVUJHJ5NEFWIRDIAGGBJBJS7TY6ECZS53257IG4', 'name': 'XTAR', 'image': 'https://stellar.myfilebase.com/ipfs/QmVWgZkt7q9d1JWphqrBe7XTSQfgrJks9Y4joyB94w1RL7', 'decimals': 7, 'orgName': 'Dogstarcoin', 'orgLogo': 'https://stellar.myfilebase.com/ipfs/QmVWgZkt7q9d1JWphqrBe7XTSQfgrJks9Y4joyB94w1RL7'}",,,,,,,,,,,,,,
XRP-GBVOL67TMUQBGL4TZYNMY3ZQ5WGQYFPFD5VJRWXR72VA33VFNL225PL5-1,12126287000312,59329658189577,53958914210227,1522343688,"[10611, 10611, 2774]",12445,"{'age': 9, 'trades': 8, 'payments': 5, 'trustlines': 6, 'volume7d': 7, 'interop': 8, 'liquidity': 3, 'average': 6.6}","[[1726012800, 0.637128526], [1726099200, 0.6288540541666666], [1726185600, 0.6527716021276596], [1726272000, 0.6614386943396227], [1726358400, 0.6566113521739131], [1726444800, 0.6366872603174603], [1726531200, 0.6322494523809524], [1726617600, 0.6279105546099291]]",26408954350,37,stellarport.io,"{'code': 'XRP', 'issuer': 'GBVOL67TMUQBGL4TZYNMY3ZQ5WGQYFPFD5VJRWXR72VA33VFNL225PL5', 'name': 'Ripple', 'image': 'https://stellar.myfilebase.com/ipfs/QmXb1fhnhzoni3PyYwAPmT2ZbjE5xJptxuRU8H5NjrDGPR', 'decimals': 7, 'anchorAssetType': 'crypto', 'anchorAsset': 'XRP'}",,,,,,,,,,,,,,
TZS-GA2MSSZKJOU6RNL3EJKH3S5TB5CDYTFQFWRYFGUJVIN5I6AOIRTLUHTO-1,9189683232306716,160298997331645570,128647980107083550,1544690647,"[7246, 7246, 3932]",16919,"{'age': 9, 'trades': 7, 'payments': 5, 'trustlines': 6, 'volume7d': 7, 'interop': 10, 'liquidity': 2, 'average': 6.6}","[[1726012800, 0.00034816166417910444], [1726099200, 0.00035397380333333333], [1726185600, 0.0003564799666666667], [1726272000, 0.000375467576119403], [1726358400, 0.0004042601159090909], [1726444800, 0.00042251345714285716], [1726531200, 0.00042892059850746267], [1726617600, 0.000423779154054054]]",7194277801,38,connect.clickpesa.com,"{'code': 'TZS', 'issuer': 'GA2MSSZKJOU6RNL3EJKH3S5TB5CDYTFQFWRYFGUJVIN5I6AOIRTLUHTO', 'name': 'Tanzania Shilling', 'image': 'https://stellar.myfilebase.com/ipfs/QmYjpDbMRGCPGauvM6PWF2DbdayYZpHqopJ4SmXXbmg5nC', 'decimals': 3, 'status': 'live', 'anchorAssetType': 'fiat', 'anchorAsset': 'TZS', 'orgName': 'ClickPesa Limited dba ClickPesa'}",,,,,,,,,,,,,,
RIO-GBNLJIYH34UWO5YZFA3A3HD3N76R6DOI33N4JONUOHEEYZYCAYTEJ5AK-1,749999357709812,710883237692921,14713259543110824,1548305260,"[37670, 37670, 4868]",254211,"{'age': 9, 'trades': 9, 'payments': 6, 'trustlines': 6, 'volume7d': 8, 'interop': 4, 'liquidity': 4, 'average': 6.6}","[[1726012800, 0.6937556841666667], [1726099200, 0.7371307309523809], [1726185600, 0.7792323148325359], [1726272000, 0.8403343999999999], [1726358400, 0.8470423322580645], [1726444800, 0.7708980727748692], [1726531200, 0.7613509271428571], [1726617600, 0.761022731372549]]",808581117460,39,realio.fund,"{'code': 'RIO', 'issuer': 'GBNLJIYH34UWO5YZFA3A3HD3N76R6DOI33N4JONUOHEEYZYCAYTEJ5AK', 'name': 'Realio Token', 'image': 'https://stellar.myfilebase.com/ipfs/QmcFrciJP4GdxsVhYTL7DSVsD3C2H2bUj8hNAGRomFB8j9', 'decimals': 7, 'orgName': 'Realio Network LTD dba Realio', 'orgLogo': 'https://stellar.myfilebase.com/ipfs/QmVkwAYhkR1e7nGdcQ9EzGSF58SmPdVmT18VT5Ae9JBmSA'}",,,,,,,,,,,,,,
TFT-GBOVQKJYHXRR3DX6NOX2RRYFRCUMSADGDESTDNBDS6CDVLGVESRTAC47-1,9172314207354536,2654817346601775,25763667013295624,1583775072,"[19033, 19033, 6052]",908697,"{'age': 9, 'trades': 8, 'payments': 7, 'trustlines': 6, 'volume7d': 7, 'interop': 4, 'liquidity': 5, 'average': 6.6}","[[1726012800, 0.010002478941666667], [1726099200, 0.010100657366972477], [1726185600, 0.01024419524390244], [1726272000, 0.010215462291666666], [1726358400, 0.010181795911392406], [1726444800, 0.00987312660493827], [1726531200, 0.009725799619565217], [1726617600, 0.009726262771929825]]",38120002162,40,threefold.io,"{'code': 'TFT', 'issuer': 'GBOVQKJYHXRR3DX6NOX2RRYFRCUMSADGDESTDNBDS6CDVLGVESRTAC47', 'name': 'Threefold Token', 'image': 'https://stellar.myfilebase.com/ipfs/Qmb1bNmAaXCmTWPqE9s1QUg1jmpkkoyzakzdFQUpRLyB2z', 'decimals': 2, 'orgName': 'Threefold foundation', 'orgLogo': 'https://stellar.myfilebase.com/ipfs/Qmb1bNmAaXCmTWPqE9s1QUg1jmpkkoyzakzdFQUpRLyB2z'}",,,,,,,,,,,,,,
KES-GA2MSSZKJOU6RNL3EJKH3S5TB5CDYTFQFWRYFGUJVIN5I6AOIRTLUHTO-1,286917596625797,2471619024504204,1444283578032698,1611674877,"[5269, 5269, 2190]",16494,"{'age': 9, 'trades': 7, 'payments': 5, 'trustlines': 6, 'volume7d': 7, 'interop': 10, 'liquidity': 2, 'average': 6.6}","[[1726012800, 0.007405007384615385], [1726099200, 0.007480433470588236], [1726185600, 0.008696627789473685], [1726272000, 0.007559653055555555], [1726358400, 0.006619717074074074], [1726444800, 0.006612867933333333], [1726531200, 0.006636165965517241], [1726617600, 0.00641143356]]",8863993467,41,connect.clickpesa.com,"{'code': 'KES', 'issuer': 'GA2MSSZKJOU6RNL3EJKH3S5TB5CDYTFQFWRYFGUJVIN5I6AOIRTLUHTO', 'name': 'Kenya Shilling', 'image': 'https://stellar.myfilebase.com/ipfs/QmYjpDbMRGCPGauvM6PWF2DbdayYZpHqopJ4SmXXbmg5nC', 'decimals': 3, 'status': 'live', 'anchorAssetType': 'fiat', 'anchorAsset': 'KES', 'orgName': 'ClickPesa Limited dba ClickPesa'}",,,,,,,,,,,,,,
SDEXEX-GBQHMDRWV3WU5YACBUUCBY4Y6PPWBJXW5WCSG5XJ63FC4HXJNGXYFD5J-2,392926380473095400,1936638995429422800,2769736965952211000,1627316750,"[19756, 19756, 15681]",934589,"{'age': 8, 'trades': 8, 'payments': 7, 'trustlines': 7, 'volume7d': 8, 'interop': 4, 'liquidity': 4, 'average': 6.6}","[[1726012800, 2.0422870913461542e-05], [1726099200, 1.9813503068181816e-05], [1726185600, 2.1831959803921567e-05], [1726272000, 2.2775313174603175e-05], [1726358400, 2.2739108800000002e-05], [1726444800, 2.355927253164557e-05], [1726531200, 2.3158575748502995e-05], [1726617600, 2.114722846153846e-05]]",94736749217,42,sdexexplorer.com,"{'code': 'SDEXEX', 'issuer': 'GBQHMDRWV3WU5YACBUUCBY4Y6PPWBJXW5WCSG5XJ63FC4HXJNGXYFD5J', 'name': 'SDEX Explorer Token', 'image': 'https://stellar.myfilebase.com/ipfs/QmPQ1EWMMHvEbTyABUi21DqJw8VznFu5ZtqYydLLZQ36tA', 'status': 'live', 'orgName': 'SDEX Explorer', 'orgLogo': 'https://stellar.myfilebase.com/ipfs/QmPQ1EWMMHvEbTyABUi21DqJw8VznFu5ZtqYydLLZQ36tA'}",,,,,,,,,,,,,,
BTC-GAUTUYY2THLF7SGITDFMXJVYH3LHDSMGEAKSBU267M2K7A3W543CKUEF-1,2110345255,33773893407,85845878124,1499264684,"[17351, 17350, 1942]",104276,"{'age': 10, 'trades': 8, 'payments': 6, 'trustlines': 6, 'volume7d': 6, 'interop': 6, 'liquidity': 3, 'average': 6.4}","[[1726012800, 11306.386774193548], [1726099200, 11486.44037037037], [1726185600, 11699.249705882352], [1726272000, 11824.218333333332], [1726358400, 11854.184375], [1726444800, 11577.67909090909], [1726531200, 11698.324528301886], [1726617600, 11487.871818181819]]",1005330455,43,dead.apay.io,"{'code': 'BTC', 'issuer': 'GAUTUYY2THLF7SGITDFMXJVYH3LHDSMGEAKSBU267M2K7A3W543CKUEF', 'name': 'Bitcoin', 'image': 'https://stellar.myfilebase.com/ipfs/QmaLi9tq9XZvzVMGg7ezR2Pk46VAgdFXDFtPwNtQmfD6WZ', 'decimals': 7, 'status': 'live', 'anchorAssetType': 'crypto', 'anchorAsset': 'BTC'}",,,,,,,,,,,,,,
ETH-GCNSGHUCG5VMGLT5RIYYZSO7VQULQKAJ62QA33DBC5PPBSO57LFWVV6P-1,517817459,45822568364,61468146685,1520687202,"[5991, 5991, 1050]",105678,"{'age': 9, 'trades': 7, 'payments': 6, 'trustlines': 5, 'volume7d': 6, 'interop': 10, 'liquidity': 2, 'average': 6.4}","[[1726012800, 510.87680526315785], [1726099200, 518.8838777777778], [1726185600, 529.2987909090908], [1726272000, 535.42106875], [1726358400, 538.5983862068965], [1726444800, 531.5114310344827], [1726531200, 522.3221952380952], [1726617600, 506.87555357142855]]",243141186,44,interstellar.exchange,"{'code': 'ETH', 'issuer': 'GCNSGHUCG5VMGLT5RIYYZSO7VQULQKAJ62QA33DBC5PPBSO57LFWVV6P', 'name': 'Ethereum', 'image': 'https://stellar.myfilebase.com/ipfs/QmYTDBE5HVd1BLkufKGg5pzLBDF8M7Kitcwwo8iWEb3JyM', 'decimals': 7, 'status': 'live', 'anchorAssetType': 'crypto', 'anchorAsset': 'ETH', 'orgName': 'Interstellar, Inc.', 'orgLogo': 'https://stellar.myfilebase.com/ipfs/QmZNzf7EemDd8Fpjin7CvfXr8psE9DvQ4QdBhFB7wTUhJG'}",,,,,,,,,,,,,,
ETH-GBVOL67TMUQBGL4TZYNMY3ZQ5WGQYFPFD5VJRWXR72VA33VFNL225PL5-1,9770135903,100721706135,110516673123,1522701435,"[12447, 12447, 2146]",19185,"{'age': 9, 'trades': 7, 'payments': 5, 'trustlines': 6, 'volume7d': 6, 'interop': 8, 'liquidity': 4, 'average': 6.4}","[[1726012800, 2429.3735294117646], [1726099200, 2449.0349655172413], [1726185600, 2496.885652173913], [1726272000, 2523.01795], [1726358400, 2512.3353157894735], [1726444800, 2471.753625], [1726531200, 2485.52736], [1726617600, 2457.11836]]",1114209972,45,stellarport.io,"{'code': 'ETH', 'issuer': 'GBVOL67TMUQBGL4TZYNMY3ZQ5WGQYFPFD5VJRWXR72VA33VFNL225PL5', 'name': 'Ethereum', 'image': 'https://stellar.myfilebase.com/ipfs/QmTHDNfvxQNyzmMfgPjRFTXfE9RniWFvNuBnU9dpuR9cWz', 'decimals': 7, 'anchorAssetType': 'crypto', 'anchorAsset': 'ETH'}",,,,,,,,,,,,,,
FRED-GCA73U2PZFWAXJSNVMEVPNPPJCZGETWPWZC6E4DJAIWP3ZW3BAGYZLV6-1,4039900523553505,83541993649729920,58875786920458900,1565853513,"[11873, 11873, 8547]",69929,"{'age': 9, 'trades': 8, 'payments': 6, 'trustlines': 7, 'volume7d': 7, 'interop': 4, 'liquidity': 4, 'average': 6.4}","[[1726012800, 0.0004122459628930818], [1726099200, 0.00041600315733333334], [1726185600, 0.00042358647333333335], [1726272000, 0.00043586406283783785], [1726358400, 0.00044216921666666666], [1726444800, 0.0004387621636363636], [1726531200, 0.0004396979314102564], [1726617600, 0.00042920979789473683]]",30722240897,46,fredenergy.org,"{'code': 'FRED', 'issuer': 'GCA73U2PZFWAXJSNVMEVPNPPJCZGETWPWZC6E4DJAIWP3ZW3BAGYZLV6', 'name': 'FRED Energy', 'image': 'https://stellar.myfilebase.com/ipfs/QmZghb6aFkhNNEzrZNErh3RSeUXMCHNYFxhLgfWUov3t3h', 'decimals': 2, 'status': 'live', 'orgName': 'FRED ENERGY Ltd', 'orgLogo': 'https://stellar.myfilebase.com/ipfs/QmZghb6aFkhNNEzrZNErh3RSeUXMCHNYFxhLgfWUov3t3h'}",,,,,,,,,,,,,,
MXN-GCKIK5F6J4KMKF6MKB5EM67S5CK557EZQ3IAMZM5FFAYST63S3HWXVPE-1,112206966225679,300090507843130,1200846949467159,1569396824,"[3904, 3904, 1179]",15627,"{'age': 9, 'trades': 7, 'payments': 5, 'trustlines': 5, 'volume7d': 6, 'interop': 10, 'liquidity': 3, 'average': 6.4}","[[1726012800, 0.012587190161290323], [1726099200, 0.012752640612244898], [1726185600, 0.013014320588235295], [1726272000, 0.013190845500000001], [1726358400, 0.013212017966101695], [1726444800, 0.013216188], [1726531200, 0.013372862222222223], [1726617600, 0.013236242352941175]]",727961839,47,anchormxn.com,"{'code': 'MXN', 'issuer': 'GCKIK5F6J4KMKF6MKB5EM67S5CK557EZQ3IAMZM5FFAYST63S3HWXVPE', 'name': 'Coin Mex', 'image': 'https://stellar.myfilebase.com/ipfs/QmShizWtEWUeocx3AS95QuB4DPQaK6T3AvVfH9v45P8Zxu', 'decimals': 2, 'status': 'live', 'anchorAssetType': 'fiat', 'anchorAsset': 'MXN', 'orgName': 'CRITOINVEX SAPI DE CV dba AnchorMXN', 'orgLogo': 'https://stellar.myfilebase.com/ipfs/QmShizWtEWUeocx3AS95QuB4DPQaK6T3AvVfH9v45P8Zxu'}",,,,,,,,,,,,,,
MTL-GACKTN5DAZGWXRWB2WLM6OPBDHAMT6SJNGLJZPQMEZBUR4JUGBX2UK7V-1,3900542345739,3407511354375,9408196567075,1619164175,"[3576, 3576, 980]",50833,"{'age': 8, 'trades': 5, 'payments': 6, 'trustlines': 5, 'volume7d': 7, 'interop': 10, 'liquidity': 4, 'average': 6.4}","[[1726012800, 5.4564], [1726099200, 5.489169333333333], [1726185600, 5.500692777777778], [1726272000, 5.39429825], [1726358400, 5.469832428571428], [1726444800, 5.3887374999999995], [1726531200, 5.4283969999999995], [1726617600, 5.346401999999999]]",5363686963,48,mtl.montelibero.org,"{'code': 'MTL', 'issuer': 'GACKTN5DAZGWXRWB2WLM6OPBDHAMT6SJNGLJZPQMEZBUR4JUGBX2UK7V', 'name': 'MTL', 'image': 'https://stellar.myfilebase.com/ipfs/QmNwTv3bi45JQrMQHfSKWK3WF4W7cF4QgRtShfWpfqHC75', 'decimals': 7, 'status': 'live', 'anchorAssetType': 'other', 'orgName': 'Montelibero dba Montelibero', 'orgLogo': 'https://stellar.myfilebase.com/ipfs/QmNwTv3bi45JQrMQHfSKWK3WF4W7cF4QgRtShfWpfqHC75'}",,,,,,,,,,,,,,
UAF-GDT5EUZMXIABSKZAQA4HNTWYOJI2D64DATP6KNVTV4WDZJ3K7FZDRC5E-1,99999970926361140,253158626859805900,84838670063031380,1647533916,"[1495, 1495, 1154]",27954,"{'age': 8, 'trades': 7, 'payments': 5, 'trustlines': 5, 'volume7d': 7, 'interop': 10, 'liquidity': 3, 'average': 6.4}","[[1726012800, 3.019367460784314e-06], [1726099200, 2.9157498333333334e-06], [1726185600, 2.8521290784313727e-06], [1726272000, 2.777281609195402e-06], [1726358400, 2.706706146666667e-06], [1726444800, 2.7479640975609754e-06], [1726531200, 2.817815495798319e-06], [1726617600, 2.6790585074626865e-06]]",3820577292,49,uaf.sl8.online,"{'code': 'UAF', 'issuer': 'GDT5EUZMXIABSKZAQA4HNTWYOJI2D64DATP6KNVTV4WDZJ3K7FZDRC5E', 'name': 'Ukrainian Army Forces support token', 'image': 'https://stellar.myfilebase.com/ipfs/QmfCyBAZWLRFHkoJ1j6mx12yfc96v4e2aW7fjfopC5f9Rw', 'decimals': 7, 'status': 'live', 'anchorAssetType': 'crypto', 'anchorAsset': 'USDC', 'orgName': 'Cassator Corp.', 'orgLogo': 'https://stellar.myfilebase.com/ipfs/QmSZtyjvnKNNpTW2ohedm44sw5f4XwRUt5oMQ2HncTzsDw'}",,,,,,,,,,,,,,
NLT-GAX25ZVO4JVPEDK3R7EUFCGVI5XCOQGMVGQNZVFLGY2RWTBIQBW2ZNLT-1,241328134315195500,2459909950499538400,2356643918079344000,1657450782,"[3741, 3741, 2729]",101353,"{'age': 8, 'trades': 8, 'payments': 6, 'trustlines': 6, 'volume7d': 8, 'interop': 4, 'liquidity': 5, 'average': 6.4}","[[1726012800, 2.013531313432836e-05], [1726099200, 1.967549708994709e-05], [1726185600, 2.159296350253807e-05], [1726272000, 2.2618583764044942e-05], [1726358400, 2.2793778750000002e-05], [1726444800, 2.344735585635359e-05], [1726531200, 2.3137481006289306e-05], [1726617600, 2.0920657338129495e-05]]",496990601245,50,nolimitstellar.com,"{'code': 'NLT', 'issuer': 'GAX25ZVO4JVPEDK3R7EUFCGVI5XCOQGMVGQNZVFLGY2RWTBIQBW2ZNLT', 'name': 'No Limit Token', 'image': 'https://stellar.myfilebase.com/ipfs/QmVQ25itsx2VtGmYuTfgZXXu6upPwQRzLrTbuoKRthQmtn', 'status': 'live', 'orgName': 'No Limit Stellar', 'orgLogo': 'https://stellar.myfilebase.com/ipfs/QmZdKHb4jMt6XxdU96KwXoFfwCnpE9zMS16zseL1YaveUB'}",,,,,,,,,,,,,,
